ACIKLAMA,BASLIK,LINK
"Edirnem, Merkezköy, Edirne, Turkey. 3143 likes · 36 talking about this. Güzel EDİRNE'M.",Edirnem - Home | Facebook,https://www.facebook.com/mutluedirnem/
"Edirnem 22. 27.407 beğenme · 261 kişi bunun hakkında konuşuyor. Sayfamıza hoş geldiniz hepiniz cansınız. Hep birlikte çoğalmaya devam ediyoruz, ...",Edirnem 22 - Ana Sayfa | Facebook,https://tr-tr.facebook.com/22edirnem/
"Cigerci Samet Usta, Kesan - фото: Tavası Var Ciğeri Var Yanındada Biberi Var Abe Güzel EDİRNEM SENDE DAHA NELERİ VAR CİĞERCİ SAMET ...",Tavası Var Ciğeri Var Yanındada Biberi Var Abe Güzel EDİRNEM ...,https://www.tripadvisor.ru/LocationPhotoDirectLink-g2669736-d12785234-i333444011-Cigerci_Samet_Usta-Kesan_Edirne_Province.html
"Cigerci Samet Usta, Kesan Picture: Tavası Var Ciğeri Var Yanındada Biberi Var Abe Güzel EDİRNEM SENDE DAHA NELERİ VAR CİĞERCİ SAMET - Check out  ...",Tavası Var Ciğeri Var Yanındada Biberi Var Abe Güzel EDİRNEM ...,https://www.tripadvisor.com/LocationPhotoDirectLink-g2669736-d12785234-i333444011-Cigerci_Samet_Usta-Kesan_Edirne_Province.html
"30 yan 2021 · Kadim Şehir Edirne'mizin Yolüstü (İğnesi) Köyü'ne ait “Yüksek Yüksek Tepelere Ev Kurmasınlar ...Müddət: 4:03
Posted: 30 yan 2021",“ Türküler Seni Söyler Edirnem “ - YouTube,https://www.youtube.com/watch%3Fv%3DFe59ppRov4M
"10.Şub.2021 - Pinterest'te Volkan Alper adlı kullanıcının ""EDİRNEM"" panosunu inceleyin. mimari, camiler, camii hakkında daha fazla fikir görün.","EDİRNEM için 13 fikir, 2021 | mimari, camiler, camii - Pinterest",https://tr.pinterest.com/volkanalper22/edirnem/
Bu səhifə üçün heç bir məlumat yoxdur. · Səbəbini öyrənin,Edirnem.NET,http://www.edirnem.net/
"Cigerci Samet Usta, Kesan Photo : Tavası Var Ciğeri Var Yanındada Biberi Var Abe Güzel EDİRNEM SENDE DAHA NELERİ VAR CİĞERCİ SAMET - Découvrez  ...",Tavası Var Ciğeri Var Yanındada Biberi Var Abe Güzel ... - TripAdvisor,https://www.tripadvisor.fr/LocationPhotoDirectLink-g2669736-d12785234-i333444007-Cigerci_Samet_Usta-Kesan_Edirne_Province.html
16 mar 2014 · Keyboard Shortcuts. Keyboard shortcuts are available for common actions and site navigation. View Keyboard Shortcuts Dismiss this message.,"Edirnem on Twitter: ""Mustafa Kemal ATATÜRK'ün #Edirne Müzesi ...",https://twitter.com/edirnehaberleri/status/445171169889513472
10 apr 2014 · Keyboard Shortcuts. Keyboard shortcuts are available for common actions and site navigation. View Keyboard Shortcuts Dismiss this message.,"Edirnem on Twitter: ""Mükemmel Manzara! #Edirne #Gölet ...",https://twitter.com/EdirneHaberleri/status/454341820567539712
"EDİRNEM. İçimin sızısı fakir Edirnem Yoksulluk içinde şiir Edirnem; Babam, kızkardeşim, gelinim, annem. Bir güvercin olsam, kanadı kırık Doldursam çilemi ...",~ EDİRNEM ~ MEHMET BOZKURT ESENYEL,http://www.siirparki.com/mbesenyel7.html
... Var Abe Güzel EDİRNEM SENDE DAHA NELERİ VAR CİĞERCİ SAMET - Tripadvisor üyelerinin 19 gerçek Ciğerci Samet Usta fotoğrafına ve videosuna bakın.,Tavası Var Ciğeri Var Yanındada Biberi Var Abe Güzel EDİRNEM ...,https://www.tripadvisor.com.tr/LocationPhotoDirectLink-g2669736-d12785234-i333444007-Cigerci_Samet_Usta-Kesan_Edirne_Province.html
"Cigerci Samet Usta, Kesan photo : Tavası Var Ciğeri Var Yanındada Biberi Var Abe Güzel EDİRNEM SENDE DAHA NELERİ VAR CİĞERCİ SAMET - Découvrez  ...",Tavası Var Ciğeri Var Yanındada Biberi Var Abe Güzel ... - Tripadvisor,https://fr.tripadvisor.ca/LocationPhotoDirectLink-g2669736-d12785234-i333444011-Cigerci_Samet_Usta-Kesan_Edirne_Province.html
"24 noy 2017 · ""DOĞUM GÜNÜN KUTLU OLSUN EDİRNEM"". ”Miska-i Milli Sınırları içinde yer alan Edirne'nin Mudanya Ateşkes Mütarekesi'yle 25 Kasım ...","""DOĞUM GÜNÜN KUTLU OLSUN EDİRNEM"" - Haberler - Edirne ...",http://www.edirne.bel.tr/dogum-gunun-kutlu-olsun-edirnem/11167/
"Foto van Cigerci Samet Usta, Kesan: Tavası Var Ciğeri Var Yanındada Biberi Var Abe Güzel EDİRNEM SENDE DAHA NELERİ VAR CİĞERCİ SAMET - bekijk ...",Tavası Var Ciğeri Var Yanındada Biberi Var Abe Güzel EDİRNEM ...,https://www.tripadvisor.nl/LocationPhotoDirectLink-g2669736-d12785234-i333444007-Cigerci_Samet_Usta-Kesan_Edirne_Province.html
"EDİRNEM HAYRAN BIRAKIYOR. 19 Kasım 2020 - 10:26. Reklam. İstanbul'dan 2 saat gibi çok kısa bir mesafede bambaşka bir coğrafyanın yaşandığı, kadim ...",EDİRNEM HAYRAN BIRAKIYOR - KÜLTÜR-SANAT - Edirne Gazetesi,https://www.edirnegazetesi.com.tr/edirnem-hayran-birakiyor/27650/
"Fotografía de Cigerci Samet Usta, Kesan: Tavası Var Ciğeri Var Yanındada Biberi Var Abe Güzel EDİRNEM SENDE DAHA NELERİ VAR CİĞERCİ SAMET.",Tavası Var Ciğeri Var Yanındada Biberi Var Abe Güzel EDİRNEM ...,https://www.tripadvisor.es/LocationPhotoDirectLink-g2669736-d12785234-i333444007-Cigerci_Samet_Usta-Kesan_Edirne_Province.html
"Εικόνα του Cigerci Samet Usta, Kesan: Tavası Var Ciğeri Var Yanındada Biberi Var Abe Güzel EDİRNEM SENDE DAHA NELERİ VAR CİĞERCİ SAMET - Δείτε ...",Tavası Var Ciğeri Var Yanındada Biberi Var Abe Güzel ... - TripAdvisor,https://www.tripadvisor.com.gr/LocationPhotoDirectLink-g2669736-d12785234-i333444007-Cigerci_Samet_Usta-Kesan_Edirne_Province.html
"תמונה של Cigerci Samet Usta, Kesan: Tavası Var Ciğeri Var Yanındada Biberi Var Abe Güzel EDİRNEM SENDE DAHA NELERİ VAR CİĞERCİ SAMET - צפה ...",Tavası Var Ciğeri Var Yanındada Biberi Var Abe Güzel EDİRNEM ...,https://www.tripadvisor.co.il/LocationPhotoDirectLink-g2669736-d12785234-i333444013-Cigerci_Samet_Usta-Kesan_Edirne_Province.html
"10 sen 2019 · 45 Likes, 2 Comments - ONLİNE EDİRNE (@onlineedirne) on Instagram: “# mizah #karikatür #edirnem”",ONLİNE EDİRNE on Instagram: “#mizah #karikatür #edirnem”,https://www.instagram.com/p/B2PC3R_FEUG/%3Figshid%3D1uu6vri5uesim
Tavası Var Ciğeri Var Yanındada Biberi Var Abe Güzel EDİRNEM SENDE DAHA NELERİ VAR CİĞERCİ SAMET - صورة Cigerci Samet Usta، Kesan.,Tavası Var Ciğeri Var Yanındada Biberi Var Abe Güzel ... - Tripadvisor,https://www.tripadvisor.com.eg/LocationPhotoDirectLink-g2669736-d12785234-i333444013-Cigerci_Samet_Usta-Kesan_Edirne_Province.html
EDİRNE İÇİ ÜCRETSİZ KARGO. 0546 842 9469 ☎ SIPARIŞ İÇİN WHATSAPP' TAN YAZABİLİRSİNİZ. ÜRÜN BILGISI DETAYLAR. PİLLE ÇALIŞAN ...,#edirnem Instagram posts - Gramho.com,https://gramho.com/explore-hashtag/edirnem
23 mar 2020 · AK Parti Edirne İl Başkanlığı tarafından koronavirüs tedbirleri kapsamında “Evde Kal Edirne” klibi hazırlandı. Edirne'nin çeşitli mahallelerinde ...,AK Partiden “Evde Kal Edirnem” Çağrısı – Edirne Postası – Edirne ...,https://www.edirnepostasi.net/ak-partiden-evde-kal-edirnem-cagrisi/
"Foto de Cigerci Samet Usta, Kesan: Tavası Var Ciğeri Var Yanındada Biberi Var Abe Güzel EDİRNEM SENDE DAHA NELERİ VAR CİĞERCİ SAMET - Confira ...",Tavası Var Ciğeri Var Yanındada Biberi Var Abe Güzel EDİRNEM ...,https://www.tripadvisor.com.br/LocationPhotoDirectLink-g2669736-d12785234-i333444013-Cigerci_Samet_Usta-Kesan_Edirne_Province.html
3 dek 2018 · 'Bir gece ansızın gelebilirim!”dercesine geldi.Meteoroloji bas bas bağırdı 'geliyor” diye!Hatta neredeyse metrekareye düşecek tahmini yağış ...,Geçmiş olsun Edirnem! - Edirne Haberci,"http://www.edirnehaberci.com/gecmis-olsun-edirnem-makale,1772.html"
"EdirneM/eriç Belediyesi. Edirne Meriç Belediyesi Erol Dübek (Başkan) Büyük Doğanca Mahallesi, Ptt Sk. No:2, 22600 Meriç/Edirne Tel: 0284 415 13 86 Fax: ...",EdirneM/eriç Belediyesi – Chp Belediyeleri,https://www.chpbelediyeleri.com/category/ilceler/edirne-meric-belediyesi/
"#edirnem. я уже в таком возрасте, что меня в качестве подарка на день рождения интересуют лишь. 14 days ago. Download · Gündüzleri gezip görmeye ...",#edirnem download instagram hashtag photos and videos - ImgInn ...,https://imginn.com/tags/edirnem/
T24'te Edirnem Müzik Festivali Dip Etiketli Haberler.,Edirnem Müzik Festivali Dip Etiketli Haberler - T24,https://t24.com.tr/etiketler/Edirnem%2520M%25C3%25BCzik%2520Festivali%2520Dip
KesanCigerci Samet Usta圖片：Tavası Var Ciğeri Var Yanındada Biberi Var Abe Güzel EDİRNEM SENDE DAHA NELERİ VAR CİĞERCİ SAMET - 快來看 ...,照片,https://www.tripadvisor.com.tw/LocationPhotoDirectLink-g2669736-d12785234-i333444011-Cigerci_Samet_Usta-Kesan_Edirne_Province.html
Ana Sayfa; MüdürlükOpen submenu; İlçeler; Kurum ve OkullarOpen submenu; AR-GEOpen submenu; Edirne Eğitim DergisiOpen submenu; ProjelerOpen ...,MEB EDİRNE İL MİLLÎ EĞİTİM MÜDÜRLÜĞÜ,https://edirne.meb.gov.tr/
"7 okt 2017 · EDİRNE'de Moğollar, Haluk Levent, Hayko Cepkin ve Cem Adrian gibi sanatçıların sahneye çıkacağı Edirnem Müzik Festivali, Dip ve Keti'nin ...",Edirne'de Yağmur Altında Müzik Festivali - Son Dakika,https://www.sondakika.com/haber/haber-edirne-de-yagmur-altinda-muzik-festivali-10107924/
Sevdamız Edirne ❤ Fotoğraf Sahibi: Musab Öztürk. Hayırlı Cumalar Edirnem! Fotoğraf: Serap Yılmaz. Mutlu Geceler Edirnem! Fotoğraf: Serap Yılmaz ...,"Fotoğraflarla Edirne, Merkez, Edirne (2021) - Find Local Businesses",http://www.findglocal.com/TR/Edirne/777791355635549/Foto%25C4%259Fraflarla-Edirne
... #kampüs #edirnekampüs #edirnefuar #edirneciğeri #edirnem #edirne # cumartesi #imzagünü #etkinlik #edirneetkinlik #edirnebelediyesi #meriç. 275. 4.,#edirnekitapağacı Instagram posts (photos and videos) - Picuki.com,https://www.picuki.com/tag/edirnekitapa%25C4%259Fac%25C4%25B1
#kadınlar #günü #her #gün #eğlence #dans #müzik #kardeşlik #birlik #18 #mart #edirne #edirnem #baştacı #cafe #restaurant #love #like #womans #day ...,@edrinkahvekulturu Instagram profile with posts and stories - Picuki ...,https://www.picuki.com/profile/edrinkahvekulturu
BIG TRACIA PIZZA #izabellapizzaedirne #pizza #edirne #edirnem # trakyauniversitesi #trakyaüniversitesi. Açık büfe kahvaltı #izabellapizzaedirne 0284.235.,"İzabellapizza Edirne, Şükrüpaşa mahallesi şehit lütfü küçükyoğurlu ...",https://www.foodyas.com/TR/Edirne/914987001912937/%25C4%25B0zabellapizza-Edirne
"Edirnenin tüm sosyal, kültürel, tarihi özelliklerini ve hayatınızı kolaylaştıracak firmalara ulaşım imkanınız bu sitenin altında !",Edirnemde | Edirne Kent Rehberi,http://www.edirnemde.com/
"18 fev 2018 · Tuna, kentteki bir restoranda düzenlenen ""Kırk Güzel İnsan ve Benim Edirnem"" söyleşiye katıldı. Edirne'de geçmişte vali danışmanı olarak ...","Fahri Tuna ""Güzel İnsanlarını"" Ve Edirnesini Anlattı - Edirne Haberleri",https://www.milliyet.com.tr/yerel-haberler/edirne/fahri-tuna-guzel-insanlarini-ve-edirnesini-anlatti-12604251
MUHTEŞEMSİN EDİRNEM… GÜNDEM. MUHTEŞEMSİN EDİRNEM… TÜRKAN BEBEK VE ZULÜM BU GÜN ANILACAK.. YAZAR. TÜRKAN BEBEK VE ZULÜM ...,SİYASET « Edirne Güncel Gazetesi,http://edirneguncel.net/category/siyaset/page/12/
